{
  "accuracy": 0.65,
  "precision": 0.7,
  "recall": 0.65,
  "f1_score": 0.6266666666666666,
  "roc_auc": 0.8550000000000001,
  "training_samples": 80,
  "test_samples": 20,
  "vocabulary_size": 24,
  "model_type": "tfidf_ensemble",
  "timestamp": "2026-02-08T09:01:41.503131"
}