{
  "data": {
    "vocabulary": {
      "miracle": 11,
      "university": 20,
      "researcher": 15,
      "research": 14,
      "university researcher": 21,
      "city": 4,
      "confirms": 5,
      "government": 8,
      "scientist": 17,
      "new": 12,
      "work": 23,
      "using": 22,
      "local": 9,
      "business": 3,
      "school": 16,
      "study": 18,
      "approves": 1,
      "funding": 7,
      "technology": 19,
      "breaking": 2,
      "cure": 6,
      "new study": 13,
      "announces": 0,
      "mind": 10
    },
    "idf": [
      4.008154793552548,
      4.008154793552548,
      3.4485390056171252,
      4.008154793552548,
      3.4485390056171252,
      4.008154793552548,
      4.008154793552548,
      4.008154793552548,
      3.1972245773362196,
      3.4485390056171252,
      4.008154793552548,
      4.008154793552548,
      2.4500101755059984,
      3.785011242238338,
      3.6026896854443837,
      3.785011242238338,
      4.008154793552548,
      3.4485390056171252,
      3.1972245773362196,
      4.008154793552548,
      3.6026896854443837,
      4.008154793552548,
      3.6026896854443837,
      4.008154793552548
    ],
    "max_features": 10000,
    "ngram_range": [
      1,
      3
    ],
    "sublinear_tf": true
  },
  "signature": "nzuTbvvyw4t7CpXT3TRHPXacXtfswTb07r+983kLLwI=",
  "version": "2.0_secure"
}